  [
    {
      "id_pedido": 101,
      "fecha_pedido": "2024-01-14",
      "total_pedido": 150.75,
      "estado_pedido": "En proceso",
      "id_cliente": 1
    },
    {
      "id_pedido": 102,
      "fecha_pedido": "2024-01-15",
      "total_pedido": 200.50,
      "estado_pedido": "Enviado",
      "id_cliente": 2
    },
    {
      "id_pedido": 103,
      "fecha_pedido": "2024-01-16",
      "total_pedido": 75.20,
      "estado_pedido": "Entregado",
      "id_cliente": 3
    },
    {
      "id_pedido": 104,
      "fecha_pedido": "2024-01-17",
      "total_pedido": 300.00,
      "estado_pedido": "En proceso",
      "id_cliente": 4
    },
    {
      "id_pedido": 105,
      "fecha_pedido": "2024-01-18",
      "total_pedido": 120.90,
      "estado_pedido": "Entregado",
      "id_cliente": 5
    }
  ]